GK,Goals,Matches,Min,Shots,Touches,Mean_Goals,Goal_Minute
 Daniel Urban,16,6,216,76,60,2.67,13.5
 Vratislav Sejk,7,5,198,90,83,1.4,28.29
 Jan Chuděj,15,4,144,0,-15,-,-
 Michal Vyčichl,21,4,144,0,-21,-,-
 Pavel Hejna,13,4,144,0,-13,-,-
 Marek Fröhlich,9,4,144,60,51,-,-
 Dominik Hůla,7,4,132,0,-7,-,-
 Josef Kopecký,8,4,72,0,-8,-,-
 Michal Košťál,11,4,108,0,-11,-,-
 Ondřej Kábrt,9,3,108,0,-9,-,-
 Miroslav Šteffl,6,3,108,0,-6,-,-
 Ondřej Svoboda,8,3,108,30,22,-,-
 Milan Strachota,9,3,126,90,81,-,-
 Petr Brož,7,3,108,0,-7,-,-
 Jan Tomáš,10,3,72,30,20,-,-
 Jakub Havrda,16,3,108,0,-16,-,-
 Jan Klapuš,3,3,90,60,57,-,-
 Lukáš Zbránek,4,3,108,0,-4,-,-
 Lukáš Malý,12,3,72,60,48,-,-
 Šimon Kalík,3,3,36,30,27,-,-
 Martin Řepka,9,2,72,0,-9,-,-
 Matěj Moravanský,5,2,72,0,-5,-,-
 Bohumil Huml,5,2,36,0,-5,-,-
 Michal Kováč,5,2,72,60,55,-,-
 Martin Mulenko,2,2,72,0,-2,-,-
 Marek Škeřík,4,2,72,0,-4,-,-
 Marek Halamíček,6,2,72,0,-6,-,-
 Michal Novák,9,2,72,0,-9,-,-
 Michal Voříšek,3,2,36,0,-3,-,-
 Michal Vrňák,2,2,90,60,58,-,-
 Lukáš Mach,7,2,72,0,-7,-,-
 Lukáš Kohút,8,2,72,60,52,-,-
 Martin Švácha,11,2,72,60,49,-,-
 Alexandr Kettner,4,2,72,60,56,-,-
 Ondřej Sadílek,11,2,90,60,49,-,-
 Ondřej Slaba,5,2,36,30,25,-,-
 Zuzana Jedličková,7,2,72,0,-7,-,-
 Zdeněk Mitrovský,9,2,72,0,-9,-,-
 Zdeněk Lupínek,3,2,72,0,-3,-,-
 Vojtěch Novotný,0,2,0,0,0,-,-
 Vojtěch Hlava,6,2,72,0,-6,-,-
 Vojtěch Hecl,2,2,36,0,-2,-,-
 Vladimír Provazník,9,2,90,60,51,-,-
 Tomáš Šimek,3,2,72,60,57,-,-
 Tomáš Stegura,5,2,36,30,25,-,-
 Tomáš Pilař,4,2,72,60,56,-,-
 Tomáš Neckář,8,2,72,30,22,-,-
 Tomáš Kurc,10,2,90,60,50,-,-
 Tomáš Jančovič,1,2,72,60,59,-,-
 Roman Šimáček,3,2,72,0,-3,-,-
 Robert Šimáček,2,2,36,0,-2,-,-
 Petr Plašil,8,2,36,30,22,-,-
 Peter Chalupianský,1,2,72,0,-1,-,-
 Pavel Maršoun,8,2,72,60,52,-,-
 Pavel Chlup,6,2,60,18,12,-,-
 Patrik Mališ,11,2,72,0,-11,-,-
 Lukáš Coufal,9,2,72,60,51,-,-
 Lukáš Gavran,10,2,72,0,-10,-,-
 Matěj Pužman,0,2,36,0,0,-,-
 Štěpán Bátěk,3,2,72,0,-3,-,-
 Jaroslav Buben,8,2,72,0,-8,-,-
 Jakub Kodym,6,2,36,30,24,-,-
 Jakub Líska,1,2,72,60,59,-,-
 Ivan Šumelda,5,2,90,60,55,-,-
 František Beneš,2,2,72,0,-2,-,-
 Jan Gierczynski,6,2,72,0,-6,-,-
 Jan Majzner,12,2,72,60,48,-,-
 Jakub Urban,1,2,72,60,59,-,-
 Jan Mikšík,11,2,72,60,49,-,-
 Jan Roháč,9,2,36,0,-9,-,-
 Jakub Machů,3,2,72,0,-3,-,-
 David Vaňkát,4,2,72,0,-4,-,-
 David Sádlík,5,2,72,60,55,-,-
 Jakub Šotola,3,2,72,0,-3,-,-
 David Pantlík,8,2,72,0,-8,-,-
 Jana Taušová,7,2,72,60,53,-,-
 David Myšička,0,2,0,0,0,-,-
 David Hradečný,3,2,72,60,57,-,-
 Lukáš Bicek,2,2,36,0,-2,-,-
 Luboš Urbanec,12,2,72,60,48,-,-
 Luboš Malý,4,2,36,30,26,-,-
 Kamil Netušil,5,2,72,60,55,-,-
 Kamil Vodička,5,2,72,0,-5,-,-
 Jiří Jetleb,0,2,0,0,0,-,-
 Jan Kasper,8,2,72,60,52,-,-
 Samy A. Khaleg,9,1,36,30,21,-,-
 Petr Vík,0,1,0,0,0,-,-
 Tomáš Kadlec,5,1,36,30,25,-,-
 Tereza Čunátová,4,1,36,30,26,-,-
 Radek Minařík,3,1,36,30,27,-,-
 Petr Rosička,3,1,36,0,-3,-,-
 Jakub Reimar,2,1,36,0,-2,-,-
 Tomáš Fryš,2,1,36,0,-2,-,-
 Petr Kaša,1,1,36,0,-1,-,-
 Radek Tišer,6,1,36,0,-6,-,-
 Jakub Malý,2,1,36,0,-2,-,-
 Viliam Virba,2,1,36,0,-2,-,-
 Tomáš Kubata,7,1,36,0,-7,-,-
 Tomáš Macháček,1,1,36,0,-1,-,-
 Hanuš Tomek,4,1,45,30,26,-,-
 Tomáš Šebesta,3,1,36,0,-3,-,-
 Filip Skála,0,1,12,5,5,-,-
 Dominik Kameš,0,1,36,0,0,-,-
 Vladimír Richter,0,1,36,0,0,-,-
 Vojtěch Kidles,5,1,36,30,25,-,-
 Vojtěch Nockin,4,1,36,0,-4,-,-
 Václav Hájek,2,1,36,30,28,-,-
 Vít Rosol,3,1,36,0,-3,-,-
 Zdeněk Chamrád,0,1,36,0,0,-,-
 Daniel Mayer,1,1,36,30,29,-,-
 Daniel Dvorský,2,1,36,0,-2,-,-
 Bohumil Kučera,2,1,36,30,28,-,-
 Petr Janata,0,1,0,0,0,-,-
 Lukáš Burian,4,1,36,30,26,-,-
 Petr Brabač,2,1,36,0,-2,-,-
 Jakub Vobořil,5,1,36,30,25,-,-
 Michal Šnobl,6,1,36,0,-6,-,-
 Jan Merta,4,1,36,0,-4,-,-
 Jan Selinger,4,1,36,0,-4,-,-
 Michal Myšík,2,1,36,0,-2,-,-
 Michal Mošna,3,1,36,30,27,-,-
 Jan Čebiš,3,1,36,0,-3,-,-
 Jan Čermák,5,1,36,30,25,-,-
 Michal Dostál,7,1,36,30,23,-,-
 Jaromír Malý,3,1,36,30,27,-,-
 Martin Škopek,0,1,0,0,0,-,-
 Jindřich Buša,0,1,36,0,0,-,-
 Martin Novák,2,1,36,0,-2,-,-
 Marian Bobko,0,1,0,0,0,-,-
 Josef Šubrt,1,1,36,0,-1,-,-
 Lukáš Sýkora,10,1,36,0,-10,-,-
 Lukáš Marek,3,1,0,0,-3,-,-
 Luboš Pieter,2,1,36,30,28,-,-
 Miroslav Mynář,4,1,36,0,-4,-,-
 Miroslav Čačka,1,1,45,30,29,-,-
 Jan Křemen,1,1,36,0,-1,-,-
 Patrik Dvořák,6,1,36,30,24,-,-
 Pavel Soukup,2,1,36,30,28,-,-
 Jakub Záhora,2,1,36,0,-2,-,-
 Pavel Machačka,0,1,0,0,0,-,-
 Jakub Černý,3,1,36,30,27,-,-
 Pavel Dundr,1,1,36,0,-1,-,-
 Lukáš Brož,3,1,36,30,27,-,-
 Pavel Bartůněk,3,1,36,0,-3,-,-
 Jan Dechet,2,1,36,0,-2,-,-
 Nick Štíbr,0,1,12,0,0,-,-
 Jan Doskočil,0,1,0,0,0,-,-
 Ondřej Puritscher,1,1,36,0,-1,-,-
 Ondřej Martinovský,8,1,45,30,22,-,-
 Ondřej Jelínek,0,1,0,0,0,-,-
 Ondřej Hradec,6,1,36,30,24,-,-
 Ondřej Havelka,2,1,36,0,-2,-,-
 Oldřich Hlavička,0,1,36,0,0,-,-
 Jakub Šebela,2,1,45,30,28,-,-
